Time (s) Run #1,Position (mm) Run #1,Light Intensity (%) Run #1,Log of Light Intensity Run #1,,,,"ampiezza fenditure: 0,08 mm"
0,"1,31","0,7","1,9",,,,"distanza tra fenditue: 0,5 mm"
"0,02","1,39","0,7","1,9",,,,L=90 cm
"0,04","1,49","0,8","1,9",,,,f=50 Hz
"0,06","1,57","0,8","1,9",,,,intensità: media
"0,08","1,68","0,8","1,9",,,,
"0,1","1,79","0,8","1,9",,,,
"0,12","1,9","0,7","1,9",,,,
"0,14","2,02","0,7","1,9",,,,
"0,16","2,15","0,7","1,9",,,,FARE GRAFICO INTENSITà POSIZIONE
"0,18","2,27","0,7","1,8",,,,
"0,2","2,38","0,7","1,8",,,,
"0,22","2,49","0,7","1,9",,,,
"0,24","2,58","0,7","1,9",,,,
"0,26","2,66","0,7","1,9",,,,
"0,28","2,73","0,7","1,9",,,,
"0,3","2,79","0,7","1,9",,,,
"0,32","2,83","0,7","1,9",,,,
"0,34","2,86","0,7","1,9",,,,
"0,36","2,88","0,7","1,9",,,,
"0,38","2,9","0,7","1,9",,,,
"0,4","2,93","0,7","1,9",,,,
"0,42","2,95","0,7","1,9",,,,
"0,44","2,98","0,7","1,9",,,,
"0,46",3,"0,7","1,9",,,,
"0,48","3,02","0,7","1,9",,,,
"0,5","3,06","0,7","1,9",,,,
"0,52","3,08","0,7","1,8",,,,
"0,54","3,09","0,7","1,9",,,,
"0,56","3,11","0,7","1,9",,,,
"0,58","3,13","0,7","1,8",,,,
"0,6","3,16","0,7","1,9",,,,
"0,62","3,19","0,7","1,8",,,,
"0,64","3,23","0,7","1,8",,,,
"0,66","3,28","0,7","1,9",,,,
"0,68","3,33","0,7","1,8",,,,
"0,7","3,38","0,7","1,8",,,,
"0,72","3,44","0,7","1,9",,,,
"0,74","3,5","0,7","1,9",,,,
"0,76","3,58","0,7","1,9",,,,
"0,78","3,66","0,7","1,8",,,,
"0,8","3,75","0,7","1,8",,,,
"0,82","3,86","0,7","1,9",,,,
"0,84","3,98","0,7","1,8",,,,
"0,86","4,11","0,7","1,8",,,,
"0,88","4,23","0,7","1,8",,,,
"0,9","4,36","0,7","1,8",,,,
"0,92","4,48","0,7","1,8",,,,
"0,94","4,62","0,7","1,9",,,,
"0,96","4,75","0,7","1,9",,,,
"0,98","4,89","0,7","1,8",,,,
1,"5,03","0,7","1,9",,,,
"1,02","5,16","0,7","1,9",,,,
"1,04","5,3","0,7","1,9",,,,
"1,06","5,43","0,7","1,8",,,,
"1,08","5,57","0,7","1,8",,,,
"1,1","5,7","0,7","1,8",,,,
"1,12","5,83","0,7","1,8",,,,
"1,14","5,97","0,7","1,9",,,,
"1,16","6,1","0,7","1,9",,,,
"1,18","6,25","0,8","1,9",,,,
"1,2","6,38","0,8","1,9",,,,
"1,22","6,52","0,7","1,9",,,,
"1,24","6,67","0,7","1,9",,,,
"1,26","6,82","0,7","1,9",,,,
"1,28","6,97","0,7","1,8",,,,
"1,3","7,12","0,7","1,9",,,,
"1,32","7,29","0,8","1,9",,,,
"1,34","7,45","0,8","1,9",,,,
"1,36","7,63","0,8","1,9",,,,
"1,38","7,82","0,7","1,9",,,,
"1,4","8,01","0,7","1,8",,,,
"1,42","8,2","0,7","1,8",,,,
"1,44","8,37","0,8","1,9",,,,
"1,46","8,52","0,8","1,9",,,,
"1,48","8,64","0,8","1,9",,,,
"1,5","8,73","0,8","1,9",,,,
"1,52","8,8","0,8","1,9",,,,
"1,54","8,88","0,8","1,9",,,,
"1,56","8,95","0,7","1,9",,,,
"1,58","9,04","0,7","1,9",,,,
"1,6","9,13","0,7","1,9",,,,
"1,62","9,22","0,7","1,9",,,,
"1,64","9,3","0,7","1,8",,,,
"1,66","9,38","0,7","1,9",,,,
"1,68","9,46","0,7","1,9",,,,
"1,7","9,52","0,7","1,9",,,,
"1,72","9,58","0,7","1,9",,,,
"1,74","9,65","0,7","1,9",,,,
"1,76","9,71","0,7","1,9",,,,
"1,78","9,77","0,7","1,9",,,,
"1,8","9,83","0,7","1,9",,,,
"1,82","9,88","0,7","1,9",,,,
"1,84","9,93","0,7","1,9",,,,
"1,86",10,"0,7","1,9",,,,
"1,88","10,06","0,7","1,9",,,,
"1,9","10,11","0,7","1,9",,,,
"1,92","10,17","0,7","1,9",,,,
"1,94","10,22","0,7","1,9",,,,
"1,96","10,29","0,7","1,8",,,,
"1,98","10,36","0,7","1,8",,,,
2,"10,43","0,7","1,8",,,,
"2,02","10,5","0,7","1,9",,,,
"2,04","10,57","0,7","1,8",,,,
"2,06","10,65","0,7","1,9",,,,
"2,08","10,72","0,7","1,9",,,,
"2,1","10,8","0,7","1,8",,,,
"2,12","10,87","0,7","1,9",,,,
"2,14","10,94","0,7","1,9",,,,
"2,16","11,01","0,7","1,9",,,,
"2,18","11,07","0,7","1,8",,,,
"2,2","11,13","0,7","1,9",,,,
"2,22","11,19","0,7","1,9",,,,
"2,24","11,25","0,7","1,9",,,,
"2,26","11,31","0,7","1,8",,,,
"2,28","11,36","0,7","1,8",,,,
"2,3","11,43","0,7","1,8",,,,
"2,32","11,49","0,7","1,8",,,,
"2,34","11,57","0,7","1,8",,,,
"2,36","11,65","0,7","1,8",,,,
"2,38","11,73","0,7","1,8",,,,
"2,4","11,82","0,7","1,8",,,,
"2,42","11,91","0,7","1,8",,,,
"2,44",12,"0,7","1,8",,,,
"2,46","12,08","0,7","1,9",,,,
"2,48","12,17","0,7","1,8",,,,
"2,5","12,25","0,7","1,9",,,,
"2,52","12,32","0,7","1,9",,,,
"2,54","12,38","0,7","1,9",,,,
"2,56","12,43","0,7","1,9",,,,
"2,58","12,48","0,7","1,8",,,,
"2,6","12,53","0,7","1,8",,,,
"2,62","12,57","0,7","1,8",,,,
"2,64","12,61","0,7","1,8",,,,
"2,66","12,64","0,7","1,8",,,,
"2,68","12,68","0,7","1,9",,,,
"2,7","12,72","0,7","1,8",,,,
"2,72","12,76","0,7","1,8",,,,
"2,74","12,8","0,7","1,9",,,,
"2,76","12,85","0,7","1,9",,,,
"2,78","12,91","0,7","1,9",,,,
"2,8","12,96","0,7","1,9",,,,
"2,82","13,02","0,7","1,9",,,,
"2,84","13,08","0,7","1,9",,,,
"2,86","13,13","0,7","1,9",,,,
"2,88","13,18","0,8","1,9",,,,
"2,9","13,22","0,8","1,9",,,,
"2,92","13,26","0,8","1,9",,,,
"2,94","13,29","0,8","1,9",,,,
"2,96","13,32","0,8","1,9",,,,
"2,98","13,36","0,8","1,9",,,,
3,"13,41","0,8","1,9",,,,
"3,02","13,46","0,7","1,9",,,,
"3,04","13,52","0,7","1,9",,,,
"3,06","13,58","0,7","1,9",,,,
"3,08","13,66","0,7","1,9",,,,
"3,1","13,74","0,7","1,9",,,,
"3,12","13,81","0,7","1,8",,,,
"3,14","13,87","0,7","1,8",,,,
"3,16","13,92","0,7","1,8",,,,
"3,18","13,95","0,7","1,9",,,,
"3,2","13,99","0,7","1,9",,,,
"3,22","14,03","0,7","1,9",,,,
"3,24","14,08","0,7","1,9",,,,
"3,26","14,14","0,7","1,9",,,,
"3,28","14,2","0,7","1,9",,,,
"3,3","14,27","0,8","1,9",,,,
"3,32","14,34","0,8","1,9",,,,
"3,34","14,42","0,8","1,9",,,,
"3,36","14,5","0,8","1,9",,,,
"3,38","14,58","0,8","1,9",,,,
"3,4","14,65","0,8","1,9",,,,
"3,42","14,71","0,8","1,9",,,,
"3,44","14,77","0,7","1,9",,,,
"3,46","14,84","0,7","1,9",,,,
"3,48","14,92","0,7","1,9",,,,
"3,5","14,99","0,7","1,8",,,,
"3,52","15,06","0,7","1,9",,,,
"3,54","15,14","0,7","1,9",,,,
"3,56","15,21","0,7","1,9",,,,
"3,58","15,28","0,8","1,9",,,,
"3,6","15,35","0,8","1,9",,,,
"3,62","15,42","0,8","1,9",,,,
"3,64","15,5","0,8","1,9",,,,
"3,66","15,58","0,8","1,9",,,,
"3,68","15,65","0,8","1,9",,,,
"3,7","15,73","0,8","1,9",,,,
"3,72","15,8","0,8","1,9",,,,
"3,74","15,88","0,7","1,9",,,,
"3,76","15,96","0,7","1,9",,,,
"3,78","16,04","0,7","1,8",,,,
"3,8","16,13","0,7","1,8",,,,
"3,82","16,21","0,7","1,9",,,,
"3,84","16,29","0,7","1,8",,,,
"3,86","16,38","0,7","1,9",,,,
"3,88","16,47","0,7","1,9",,,,
"3,9","16,57","0,8","1,9",,,,
"3,92","16,66","0,8","1,9",,,,
"3,94","16,76","0,8","1,9",,,,
"3,96","16,85","0,7","1,9",,,,
"3,98","16,94","0,7","1,9",,,,
4,"17,03","0,7","1,9",,,,
"4,02","17,12","0,7","1,9",,,,
"4,04","17,21","0,7","1,8",,,,
"4,06","17,29","0,7","1,8",,,,
"4,08","17,38","0,7","1,8",,,,
"4,1","17,47","0,7","1,8",,,,
"4,12","17,56","0,7","1,8",,,,
"4,14","17,65","0,7","1,9",,,,
"4,16","17,73","0,7","1,9",,,,
"4,18","17,81","0,7","1,9",,,,
"4,2","17,88","0,7","1,9",,,,
"4,22","17,96","0,7","1,8",,,,
"4,24","18,04","0,7","1,9",,,,
"4,26","18,12","0,7","1,9",,,,
"4,28","18,19","0,7","1,8",,,,
"4,3","18,28","0,7","1,8",,,,
"4,32","18,37","0,7","1,8",,,,
"4,34","18,47","0,7","1,8",,,,
"4,36","18,57","0,7","1,8",,,,
"4,38","18,66","0,7","1,8",,,,
"4,4","18,73","0,7","1,8",,,,
"4,42","18,79","0,7","1,8",,,,
"4,44","18,84","0,7","1,8",,,,
"4,46","18,88","0,7","1,8",,,,
"4,48","18,92","0,7","1,9",,,,
"4,5","18,95","0,7","1,9",,,,
"4,52","18,97","0,7","1,8",,,,
"4,54",19,"0,7","1,8",,,,
"4,56","19,02","0,7","1,9",,,,
"4,58","19,03","0,7","1,8",,,,
"4,6","19,04","0,7","1,8",,,,
"4,62","19,06","0,7","1,8",,,,
"4,64","19,07","0,7","1,8",,,,
"4,66","19,09","0,7","1,9",,,,
"4,68","19,11","0,7","1,8",,,,
"4,7","19,13","0,7","1,9",,,,
"4,72","19,16","0,7","1,9",,,,
"4,74","19,19","0,7","1,8",,,,
"4,76","19,23","0,7","1,9",,,,
"4,78","19,28","0,7","1,9",,,,
"4,8","19,33","0,7","1,8",,,,
"4,82","19,37","0,7","1,8",,,,
"4,84","19,41","0,7","1,8",,,,
"4,86","19,44","0,7","1,9",,,,
"4,88","19,48","0,7","1,8",,,,
"4,9","19,52","0,7","1,9",,,,
"4,92","19,56","0,7","1,8",,,,
"4,94","19,59","0,7","1,8",,,,
"4,96","19,62","0,7","1,8",,,,
"4,98","19,66","0,7","1,8",,,,
5,"19,69","0,7","1,8",,,,
"5,02","19,74","0,7","1,8",,,,
"5,04","19,78","0,7","1,8",,,,
"5,06","19,83","0,7","1,8",,,,
"5,08","19,87","0,7","1,9",,,,
"5,1","19,93","0,7","1,9",,,,
"5,12","19,96","0,7","1,9",,,,
"5,14","20,02","0,7","1,9",,,,
"5,16","20,08","0,7","1,9",,,,
"5,18","20,14","0,7","1,9",,,,
"5,2","20,2","0,7","1,9",,,,
"5,22","20,26","0,8","1,9",,,,
"5,24","20,32","0,8","1,9",,,,
"5,26","20,39","0,8","1,9",,,,
"5,28","20,46","0,8","1,9",,,,
"5,3","20,56","0,8","1,9",,,,
"5,32","20,66","0,7","1,9",,,,
"5,34","20,76","0,7","1,8",,,,
"5,36","20,85","0,7","1,8",,,,
"5,38","20,94","0,7","1,9",,,,
"5,4","21,04","0,7","1,9",,,,
"5,42","21,13","0,7","1,9",,,,
"5,44","21,21","0,8","1,9",,,,
"5,46","21,28","0,8","1,9",,,,
"5,48","21,36","0,8","1,9",,,,
"5,5","21,42","0,8","1,9",,,,
"5,52","21,48","0,8","1,9",,,,
"5,54","21,54","0,8","1,9",,,,
"5,56","21,59","0,8","1,9",,,,
"5,58","21,64","0,8","1,9",,,,
"5,6","21,69","0,8","1,9",,,,
"5,62","21,75","0,8","1,9",,,,
"5,64","21,81","0,8","1,9",,,,
"5,66","21,87","0,7","1,9",,,,
"5,68","21,94","0,7","1,9",,,,
"5,7","22,02","0,7","1,8",,,,
"5,72","22,09","0,7","1,8",,,,
"5,74","22,18","0,7","1,9",,,,
"5,76","22,27","0,7","1,9",,,,
"5,78","22,36","0,8","1,9",,,,
"5,8","22,45","0,8","1,9",,,,
"5,82","22,52","0,8","1,9",,,,
"5,84","22,59","0,8","1,9",,,,
"5,86","22,66","0,8","1,9",,,,
"5,88","22,74","0,8","1,9",,,,
"5,9","22,79","0,8","1,9",,,,
"5,92","22,84","0,8","1,9",,,,
"5,94","22,89","0,8","1,9",,,,
"5,96","22,92","0,8","1,9",,,,
"5,98","22,96","0,7","1,9",,,,
6,"22,99","0,7","1,9",,,,
"6,02","23,02","0,7","1,9",,,,
"6,04","23,05","0,7","1,9",,,,
"6,06","23,07","0,7","1,9",,,,
"6,08","23,1","0,7","1,8",,,,
"6,1","23,13","0,7","1,9",,,,
"6,12","23,19","0,7","1,8",,,,
"6,14","23,26","0,7","1,8",,,,
"6,16","23,36","0,7","1,9",,,,
"6,18","23,46","0,7","1,9",,,,
"6,2","23,57","0,8","1,9",,,,
"6,22","23,7","0,8","1,9",,,,
"6,24","23,84","0,8","1,9",,,,
"6,26","23,97","0,8","1,9",,,,
"6,28","24,08","0,7","1,9",,,,
"6,3","24,16","0,7","1,9",,,,
"6,32","24,22","0,7","1,8",,,,
"6,34","24,27","0,7","1,9",,,,
"6,36","24,31","0,7","1,8",,,,
"6,38","24,37","0,7","1,8",,,,
"6,4","24,44","0,7","1,8",,,,
"6,42","24,52","0,7","1,9",,,,
"6,44","24,63","0,7","1,9",,,,
"6,46","24,74","0,7","1,9",,,,
"6,48","24,84","0,7","1,9",,,,
"6,5","24,93","0,7","1,9",,,,
"6,52",25,"0,7","1,9",,,,
"6,54","25,09","0,7","1,8",,,,
"6,56","25,16","0,7","1,8",,,,
"6,58","25,23","0,7","1,8",,,,
"6,6","25,3","0,7","1,8",,,,
"6,62","25,36","0,7","1,8",,,,
"6,64","25,43","0,7","1,9",,,,
"6,66","25,51","0,7","1,8",,,,
"6,68","25,6","0,7","1,8",,,,
"6,7","25,7","0,7","1,8",,,,
"6,72","25,8","0,7","1,8",,,,
"6,74","25,91","0,7","1,8",,,,
"6,76","26,02","0,7","1,8",,,,
"6,78","26,12","0,7","1,8",,,,
"6,8","26,22","0,7","1,8",,,,
"6,82","26,33","0,7","1,8",,,,
"6,84","26,42","0,7","1,8",,,,
"6,86","26,52","0,7","1,8",,,,
"6,88","26,62","0,7","1,8",,,,
"6,9","26,73","0,7","1,8",,,,
"6,92","26,82","0,7","1,9",,,,
"6,94","26,91","0,7","1,9",,,,
"6,96",27,"0,7","1,9",,,,
"6,98","27,06","0,7","1,9",,,,
7,"27,12","0,8","1,9",,,,
"7,02","27,18","0,8","1,9",,,,
"7,04","27,25","0,8","1,9",,,,
"7,06","27,31","0,8","1,9",,,,
"7,08","27,37","0,8","1,9",,,,
"7,1","27,43","0,8","1,9",,,,
"7,12","27,5","0,8","1,9",,,,
"7,14","27,58","0,7","1,9",,,,
"7,16","27,65","0,7","1,9",,,,
"7,18","27,73","0,7","1,8",,,,
"7,2","27,8","0,7","1,8",,,,
"7,22","27,87","0,7","1,9",,,,
"7,24","27,95","0,7","1,9",,,,
"7,26","28,04","0,7","1,9",,,,
"7,28","28,13","0,8","1,9",,,,
"7,3","28,22","0,8","1,9",,,,
"7,32","28,3","0,9","1,9",,,,
"7,34","28,35","0,9","1,9",,,,
"7,36","28,41","0,8","1,9",,,,
"7,38","28,49","0,9","1,9",,,,
"7,4","28,58","0,9","1,9",,,,
"7,42","28,68","0,8","1,9",,,,
"7,44","28,78","0,8","1,9",,,,
"7,46","28,88","0,7","1,9",,,,
"7,48","28,99","0,7","1,8",,,,
"7,5","29,11","0,7","1,8",,,,
"7,52","29,24","0,7","1,9",,,,
"7,54","29,35","0,8","1,9",,,,
"7,56","29,44","0,9","1,9",,,,
"7,58","29,52","0,9","1,9",,,,
"7,6","29,58","0,9",2,,,,
"7,62","29,65","0,9","1,9",,,,
"7,64","29,74","0,9","1,9",,,,
"7,66","29,83","0,9","1,9",,,,
"7,68","29,92","0,8","1,9",,,,
"7,7","29,99","0,8","1,9",,,,
"7,72","30,07","0,7","1,9",,,,
"7,74","30,14","0,7","1,9",,,,
"7,76","30,23","0,7","1,8",,,,
"7,78","30,32","0,7","1,8",,,,
"7,8","30,41","0,7","1,9",,,,
"7,82","30,49","0,8","1,9",,,,
"7,84","30,56","0,8","1,9",,,,
"7,86","30,63","0,8","1,9",,,,
"7,88","30,68","0,9","1,9",,,,
"7,9","30,73","0,9","1,9",,,,
"7,92","30,78","0,9","1,9",,,,
"7,94","30,82","0,8","1,9",,,,
"7,96","30,87","0,8","1,9",,,,
"7,98","30,92","0,8","1,9",,,,
8,"30,97","0,8","1,9",,,,
"8,02","31,01","0,8","1,9",,,,
"8,04","31,05","0,8","1,9",,,,
"8,06","31,08","0,8","1,9",,,,
"8,08","31,11","0,7","1,9",,,,
"8,1","31,15","0,7","1,9",,,,
"8,12","31,18","0,7","1,9",,,,
"8,14","31,22","0,7","1,9",,,,
"8,16","31,26","0,7","1,8",,,,
"8,18","31,3","0,7","1,8",,,,
"8,2","31,35","0,7","1,9",,,,
"8,22","31,4","0,7","1,8",,,,
"8,24","31,45","0,7","1,9",,,,
"8,26","31,51","0,7","1,9",,,,
"8,28","31,56","0,7","1,9",,,,
"8,3","31,61","0,7","1,9",,,,
"8,32","31,66","0,7","1,9",,,,
"8,34","31,71","0,8","1,9",,,,
"8,36","31,75","0,7","1,9",,,,
"8,38","31,8","0,8","1,9",,,,
"8,4","31,85","0,8","1,9",,,,
"8,42","31,9","0,7","1,9",,,,
"8,44","31,96","0,7","1,9",,,,
"8,46","32,03","0,7","1,9",,,,
"8,48","32,1","0,7","1,9",,,,
"8,5","32,18","0,7","1,9",,,,
"8,52","32,26","0,7","1,8",,,,
"8,54","32,35","0,7","1,8",,,,
"8,56","32,45","0,7","1,8",,,,
"8,58","32,55","0,7","1,8",,,,
"8,6","32,63","0,7","1,8",,,,
"8,62","32,71","0,7","1,8",,,,
"8,64","32,79","0,7","1,8",,,,
"8,66","32,86","0,7","1,8",,,,
"8,68","32,94","0,7","1,8",,,,
"8,7","33,01","0,7","1,8",,,,
"8,72","33,07","0,7","1,8",,,,
"8,74","33,12","0,7","1,8",,,,
"8,76","33,18","0,7","1,8",,,,
"8,78","33,22","0,7","1,8",,,,
"8,8","33,26","0,7","1,8",,,,
"8,82","33,3","0,7","1,8",,,,
"8,84","33,34","0,7","1,8",,,,
"8,86","33,39","0,7","1,8",,,,
"8,88","33,44","0,7","1,8",,,,
"8,9","33,5","0,7","1,8",,,,
"8,92","33,55","0,7","1,8",,,,
"8,94","33,59","0,7","1,8",,,,
"8,96","33,64","0,7","1,8",,,,
"8,98","33,68","0,7","1,8",,,,
9,"33,72","0,7","1,8",,,,
"9,02","33,77","0,7","1,9",,,,
"9,04","33,82","0,7","1,9",,,,
"9,06","33,87","0,7","1,9",,,,
"9,08","33,92","0,7","1,9",,,,
"9,1","33,97","0,7","1,9",,,,
"9,12","34,04","0,7","1,9",,,,
"9,14","34,1","0,8","1,9",,,,
"9,16","34,16","0,8","1,9",,,,
"9,18","34,23","0,8","1,9",,,,
"9,2","34,31","0,8","1,9",,,,
"9,22","34,41","0,8","1,9",,,,
"9,24","34,51","0,8","1,9",,,,
"9,26","34,61","0,7","1,9",,,,
"9,28","34,72","0,7","1,8",,,,
"9,3","34,82","0,7","1,8",,,,
"9,32","34,9","0,7","1,9",,,,
"9,34","34,98","0,8","1,9",,,,
"9,36","35,07","0,8","1,9",,,,
"9,38","35,17","0,8","1,9",,,,
"9,4","35,27","0,9",2,,,,
"9,42","35,37","0,9",2,,,,
"9,44","35,47","0,9",2,,,,
"9,46","35,57","0,9","1,9",,,,
"9,48","35,68","0,8","1,9",,,,
"9,5","35,79","0,7","1,9",,,,
"9,52","35,9","0,7","1,8",,,,
"9,54","36,01","0,7","1,8",,,,
"9,56","36,13","0,7","1,9",,,,
"9,58","36,24","0,8","1,9",,,,
"9,6","36,36","0,9",2,,,,
"9,62","36,48",1,2,,,,
"9,64","36,6",1,2,,,,
"9,66","36,72","0,9",2,,,,
"9,68","36,84","0,8","1,9",,,,
"9,7","36,96","0,8","1,9",,,,
"9,72","37,07","0,7","1,8",,,,
"9,74","37,2","0,7","1,8",,,,
"9,76","37,32","0,8","1,9",,,,
"9,78","37,45","0,8","1,9",,,,
"9,8","37,58","0,9",2,,,,
"9,82","37,71",1,2,,,,
"9,84","37,82","0,9",2,,,,
"9,86","37,95","0,8","1,9",,,,
"9,88","38,07","0,8","1,9",,,,
"9,9","38,18","0,7","1,8",,,,
"9,92","38,29","0,7","1,8",,,,
"9,94","38,39","0,7","1,9",,,,
"9,96","38,49","0,7","1,9",,,,
"9,98","38,58","0,8","1,9",,,,
10,"38,65","0,8","1,9",,,,
"10,02","38,74","0,8","1,9",,,,
"10,04","38,83","0,8","1,9",,,,
"10,06","38,93","0,8","1,9",,,,
"10,08","39,02","0,8","1,9",,,,
"10,1","39,11","0,7","1,9",,,,
"10,12","39,19","0,7","1,9",,,,
"10,14","39,28","0,7","1,8",,,,
"10,16","39,36","0,7","1,8",,,,
"10,18","39,47","0,7","1,8",,,,
"10,2","39,56","0,7","1,8",,,,
"10,22","39,65","0,7","1,8",,,,
"10,24","39,72","0,7","1,9",,,,
"10,26","39,79","0,7","1,9",,,,
"10,28","39,86","0,7","1,8",,,,
"10,3","39,93","0,7","1,8",,,,
"10,32","40,01","0,7","1,8",,,,
"10,34","40,09","0,7","1,8",,,,
"10,36","40,16","0,7","1,8",,,,
"10,38","40,22","0,7","1,8",,,,
"10,4","40,3","0,7","1,8",,,,
"10,42","40,37","0,7","1,8",,,,
"10,44","40,45","0,7","1,8",,,,
"10,46","40,53","0,7","1,8",,,,
"10,48","40,61","0,7","1,8",,,,
"10,5","40,7","0,7","1,8",,,,
"10,52","40,78","0,7","1,8",,,,
"10,54","40,87","0,7","1,8",,,,
"10,56","40,97","0,7","1,9",,,,
"10,58","41,06","0,7","1,9",,,,
"10,6","41,16","0,8","1,9",,,,
"10,62","41,25","0,8","1,9",,,,
"10,64","41,34","0,8","1,9",,,,
"10,66","41,43","0,8","1,9",,,,
"10,68","41,52","0,8","1,9",,,,
"10,7","41,62","0,7","1,9",,,,
"10,72","41,71","0,7","1,8",,,,
"10,74","41,8","0,7","1,8",,,,
"10,76","41,9","0,7","1,8",,,,
"10,78","41,99","0,7","1,9",,,,
"10,8","42,08","0,8","1,9",,,,
"10,82","42,17","0,9","1,9",,,,
"10,84","42,25","0,9",2,,,,
"10,86","42,32",1,2,,,,
"10,88","42,39",1,2,,,,
"10,9","42,45",1,2,,,,
"10,92","42,51",1,2,,,,
"10,94","42,56","0,9",2,,,,
"10,96","42,62","0,9","1,9",,,,
"10,98","42,68","0,8","1,9",,,,
11,"42,74","0,8","1,9",,,,
"11,02","42,81","0,7","1,9",,,,
"11,04","42,88","0,7","1,8",,,,
"11,06","42,95","0,7","1,8",,,,
"11,08","43,02","0,7","1,9",,,,
"11,1","43,11","0,8","1,9",,,,
"11,12","43,2","0,9",2,,,,
"11,14","43,29",1,2,,,,
"11,16","43,38","1,1","2,1",,,,
"11,18","43,48","1,2","2,1",,,,
"11,2","43,57","1,1","2,1",,,,
"11,22","43,66","1,1",2,,,,
"11,24","43,72",1,2,,,,
"11,26","43,77","0,9",2,,,,
"11,28","43,8","0,9","1,9",,,,
"11,3","43,83","0,8","1,9",,,,
"11,32","43,86","0,8","1,9",,,,
"11,34","43,9","0,8","1,9",,,,
"11,36","43,94","0,7","1,9",,,,
"11,38","43,99","0,7","1,9",,,,
"11,4","44,05","0,7","1,8",,,,
"11,42","44,11","0,7","1,8",,,,
"11,44","44,18","0,7","1,9",,,,
"11,46","44,24","0,8","1,9",,,,
"11,48","44,3","0,9","1,9",,,,
"11,5","44,35","0,9",2,,,,
"11,52","44,4",1,2,,,,
"11,54","44,46",1,2,,,,
"11,56","44,53","1,1",2,,,,
"11,58","44,61","1,1",2,,,,
"11,6","44,68","1,1",2,,,,
"11,62","44,75",1,2,,,,
"11,64","44,83",1,2,,,,
"11,66","44,91","0,9","1,9",,,,
"11,68",45,"0,8","1,9",,,,
"11,7","45,1","0,7","1,9",,,,
"11,72","45,19","0,7","1,8",,,,
"11,74","45,26","0,7","1,8",,,,
"11,76","45,33","0,7","1,9",,,,
"11,78","45,4","0,8","1,9",,,,
"11,8","45,47","0,8","1,9",,,,
"11,82","45,54","0,8","1,9",,,,
"11,84","45,61","0,9","1,9",,,,
"11,86","45,69","0,9","1,9",,,,
"11,88","45,77","0,9","1,9",,,,
"11,9","45,85","0,8","1,9",,,,
"11,92","45,93","0,8","1,9",,,,
"11,94","46,02","0,8","1,9",,,,
"11,96","46,11","0,7","1,9",,,,
"11,98","46,21","0,7","1,9",,,,
12,"46,31","0,7","1,8",,,,
"12,02","46,42","0,7","1,8",,,,
"12,04","46,52","0,7","1,9",,,,
"12,06","46,62","0,7","1,9",,,,
"12,08","46,72","0,7","1,9",,,,
"12,1","46,82","0,7","1,8",,,,
"12,12","46,93","0,7","1,8",,,,
"12,14","47,02","0,7","1,8",,,,
"12,16","47,11","0,7","1,8",,,,
"12,18","47,19","0,7","1,8",,,,
"12,2","47,27","0,7","1,8",,,,
"12,22","47,34","0,7","1,8",,,,
"12,24","47,42","0,7","1,8",,,,
"12,26","47,48","0,7","1,9",,,,
"12,28","47,53","0,7","1,8",,,,
"12,3","47,57","0,7","1,8",,,,
"12,32","47,6","0,7","1,8",,,,
"12,34","47,64","0,7","1,8",,,,
"12,36","47,69","0,7","1,9",,,,
"12,38","47,75","0,7","1,8",,,,
"12,4","47,82","0,7","1,9",,,,
"12,42","47,9","0,7","1,9",,,,
"12,44","47,98","0,7","1,9",,,,
"12,46","48,08","0,8","1,9",,,,
"12,48","48,16","0,8","1,9",,,,
"12,5","48,24","0,8","1,9",,,,
"12,52","48,3","0,8","1,9",,,,
"12,54","48,36","0,8","1,9",,,,
"12,56","48,41","0,8","1,9",,,,
"12,58","48,46","0,8","1,9",,,,
"12,6","48,52","0,7","1,9",,,,
"12,62","48,6","0,7","1,9",,,,
"12,64","48,68","0,7","1,9",,,,
"12,66","48,77","0,7","1,8",,,,
"12,68","48,86","0,7","1,9",,,,
"12,7","48,94","0,8","1,9",,,,
"12,72","49,03","0,9","1,9",,,,
"12,74","49,13","0,9",2,,,,
"12,76","49,23",1,2,,,,
"12,78","49,34","1,1",2,,,,
"12,8","49,45","1,1",2,,,,
"12,82","49,56",1,2,,,,
"12,84","49,67","0,9",2,,,,
"12,86","49,77","0,8","1,9",,,,
"12,88","49,88","0,7","1,8",,,,
"12,9","49,99","0,7","1,8",,,,
"12,92","50,09","0,8","1,9",,,,
"12,94","50,2","0,9",2,,,,
"12,96","50,3","1,1","2,1",,,,
"12,98","50,38","1,3","2,1",,,,
13,"50,47","1,4","2,1",,,,
"13,02","50,56","1,4","2,1",,,,
"13,04","50,64","1,3","2,1",,,,
"13,06","50,7","1,2","2,1",,,,
"13,08","50,78","1,1",2,,,,
"13,1","50,85","0,9",2,,,,
"13,12","50,92","0,8","1,9",,,,
"13,14",51,"0,7","1,9",,,,
"13,16","51,08","0,7","1,8",,,,
"13,18","51,15","0,7","1,9",,,,
"13,2","51,24","0,8","1,9",,,,
"13,22","51,32","0,9",2,,,,
"13,24","51,4","1,1","2,1",,,,
"13,26","51,49","1,3","2,1",,,,
"13,28","51,56","1,4","2,1",,,,
"13,3","51,64","1,4","2,1",,,,
"13,32","51,71","1,3","2,1",,,,
"13,34","51,77","1,2","2,1",,,,
"13,36","51,83","1,1","2,1",,,,
"13,38","51,9",1,2,,,,
"13,4","51,95","0,9",2,,,,
"13,42","52,01","0,8","1,9",,,,
"13,44","52,07","0,8","1,9",,,,
"13,46","52,13","0,7","1,9",,,,
"13,48","52,19","0,7","1,8",,,,
"13,5","52,25","0,7","1,9",,,,
"13,52","52,31","0,8","1,9",,,,
"13,54","52,37","0,8","1,9",,,,
"13,56","52,42","0,9","1,9",,,,
"13,58","52,47","0,9",2,,,,
"13,6","52,53",1,2,,,,
"13,62","52,58",1,2,,,,
"13,64","52,65","1,1",2,,,,
"13,66","52,73","1,1",2,,,,
"13,68","52,81","1,1",2,,,,
"13,7","52,9",1,2,,,,
"13,72",53,"0,9",2,,,,
"13,74","53,11","0,8","1,9",,,,
"13,76","53,22","0,7","1,8",,,,
"13,78","53,33","0,7","1,9",,,,
"13,8","53,44","0,7","1,9",,,,
"13,82","53,54","0,7","1,9",,,,
"13,84","53,62","0,8","1,9",,,,
"13,86","53,69","0,8","1,9",,,,
"13,88","53,75","0,8","1,9",,,,
"13,9","53,81","0,8","1,9",,,,
"13,92","53,88","0,7","1,9",,,,
"13,94","53,95","0,7","1,9",,,,
"13,96","54,05","0,7","1,9",,,,
"13,98","54,16","0,7","1,8",,,,
14,"54,29","0,7","1,8",,,,
"14,02","54,41","0,7","1,9",,,,
"14,04","54,5","0,7","1,8",,,,
"14,06","54,57","0,7","1,8",,,,
"14,08","54,65","0,7","1,9",,,,
"14,1","54,74","0,7","1,8",,,,
"14,12","54,83","0,7","1,9",,,,
"14,14","54,92","0,7","1,9",,,,
"14,16","55,01","0,8","1,9",,,,
"14,18","55,09","0,8","1,9",,,,
"14,2","55,17","0,8","1,9",,,,
"14,22","55,25","0,8","1,9",,,,
"14,24","55,32","0,8","1,9",,,,
"14,26","55,4","0,8","1,9",,,,
"14,28","55,48","0,7","1,9",,,,
"14,3","55,55","0,7","1,9",,,,
"14,32","55,62","0,7","1,9",,,,
"14,34","55,7","0,7","1,9",,,,
"14,36","55,77","0,8","1,9",,,,
"14,38","55,83","0,8","1,9",,,,
"14,4","55,89","0,9",2,,,,
"14,42","55,95",1,2,,,,
"14,44","56,01","1,1",2,,,,
"14,46","56,08","1,2","2,1",,,,
"14,48","56,14","1,3","2,1",,,,
"14,5","56,2","1,3","2,1",,,,
"14,52","56,26","1,3","2,1",,,,
"14,54","56,32","1,3","2,1",,,,
"14,56","56,39","1,2","2,1",,,,
"14,58","56,47","1,1",2,,,,
"14,6","56,55",1,2,,,,
"14,62","56,64","0,8","1,9",,,,
"14,64","56,74","0,7","1,8",,,,
"14,66","56,83","0,7","1,8",,,,
"14,68","56,94","0,8","1,9",,,,
"14,7","57,05","1,1",2,,,,
"14,72","57,17","1,5","2,2",,,,
"14,74","57,3","1,8","2,3",,,,
"14,76","57,44",2,"2,3",,,,
"14,78","57,57","1,7","2,2",,,,
"14,8","57,7","1,2","2,1",,,,
"14,82","57,82","0,8","1,9",,,,
"14,84","57,92","0,7","1,8",,,,
"14,86","57,99","0,7","1,9",,,,
"14,88","58,06","0,8","1,9",,,,
"14,9","58,12",1,2,,,,
"14,92","58,17","1,1",2,,,,
"14,94","58,22","1,2","2,1",,,,
"14,96","58,28","1,4","2,1",,,,
"14,98","58,34","1,6","2,2",,,,
15,"58,41","1,8","2,3",,,,
"15,02","58,49",2,"2,3",,,,
"15,04","58,58","2,1","2,3",,,,
"15,06","58,68","2,1","2,3",,,,
"15,08","58,79","1,8","2,3",,,,
"15,1","58,89","1,4","2,2",,,,
"15,12","58,98","1,1",2,,,,
"15,14","59,07","0,8","1,9",,,,
"15,16","59,14","0,7","1,8",,,,
"15,18","59,2","0,7","1,9",,,,
"15,2","59,24","0,8","1,9",,,,
"15,22","59,28","0,8","1,9",,,,
"15,24","59,35",1,2,,,,
"15,26","59,42","1,2","2,1",,,,
"15,28","59,49","1,4","2,1",,,,
"15,3","59,56","1,6","2,2",,,,
"15,32","59,61","1,6","2,2",,,,
"15,34","59,67","1,7","2,2",,,,
"15,36","59,74","1,7","2,2",,,,
"15,38","59,81","1,6","2,2",,,,
"15,4","59,88","1,5","2,2",,,,
"15,42","59,95","1,3","2,1",,,,
"15,44","60,02","1,1",2,,,,
"15,46","60,08","0,9",2,,,,
"15,48","60,15","0,8","1,9",,,,
"15,5","60,21","0,7","1,9",,,,
"15,52","60,28","0,7","1,9",,,,
"15,54","60,35","0,7","1,9",,,,
"15,56","60,42","0,8","1,9",,,,
"15,58","60,49","0,8","1,9",,,,
"15,6","60,56","0,9","1,9",,,,
"15,62","60,63","0,9",2,,,,
"15,64","60,7",1,2,,,,
"15,66","60,78",1,2,,,,
"15,68","60,87","0,9",2,,,,
"15,7","60,95","0,9",2,,,,
"15,72","61,03","0,8","1,9",,,,
"15,74","61,12","0,8","1,9",,,,
"15,76","61,19","0,8","1,9",,,,
"15,78","61,27","0,7","1,9",,,,
"15,8","61,34","0,7","1,9",,,,
"15,82","61,4","0,7","1,9",,,,
"15,84","61,46","0,7","1,9",,,,
"15,86","61,5","0,7","1,9",,,,
"15,88","61,55","0,7","1,9",,,,
"15,9","61,59","0,7","1,9",,,,
"15,92","61,62","0,7","1,9",,,,
"15,94","61,66","0,7","1,9",,,,
"15,96","61,69","0,7","1,9",,,,
"15,98","61,73","0,7","1,9",,,,
16,"61,77","0,7","1,9",,,,
"16,02","61,81","0,7","1,9",,,,
"16,04","61,86","0,8","1,9",,,,
"16,06","61,91","0,7","1,9",,,,
"16,08","61,97","0,8","1,9",,,,
"16,1","62,03","0,8","1,9",,,,
"16,12","62,1","0,8","1,9",,,,
"16,14","62,17","0,9","1,9",,,,
"16,16","62,24","0,9","1,9",,,,
"16,18","62,32","0,9","1,9",,,,
"16,2","62,4","0,9","1,9",,,,
"16,22","62,48","0,8","1,9",,,,
"16,24","62,56","0,8","1,9",,,,
"16,26","62,64","0,8","1,9",,,,
"16,28","62,71","0,8","1,9",,,,
"16,3","62,77","0,9",2,,,,
"16,32","62,83","1,1",2,,,,
"16,34","62,88","1,2","2,1",,,,
"16,36","62,93","1,4","2,1",,,,
"16,38","62,99","1,5","2,2",,,,
"16,4","63,05","1,7","2,2",,,,
"16,42","63,13","1,9","2,3",,,,
"16,44","63,23","2,1","2,3",,,,
"16,46","63,35","2,1","2,3",,,,
"16,48","63,5","1,7","2,2",,,,
"16,5","63,66",1,2,,,,
"16,52","63,84","0,5","1,7",,,,
"16,54","63,98","1,2","2,1",,,,
"16,56","64,1","2,6","2,4",,,,
"16,58","64,19","3,6","2,6",,,,
"16,6","64,26","3,7","2,6",,,,
"16,62","64,33","3,7","2,6",,,,
"16,64","64,41","3,8","2,6",,,,
"16,66","64,51","3,6","2,6",,,,
"16,68","64,62","2,7","2,4",,,,
"16,7","64,72","1,5","2,2",,,,
"16,72","64,8","0,7","1,8",,,,
"16,74","64,87","0,7","1,8",,,,
"16,76","64,94",1,2,,,,
"16,78","65,01","1,2","2,1",,,,
"16,8","65,09","1,7","2,2",,,,
"16,82","65,16","2,6","2,4",,,,
"16,84","65,24","3,4","2,5",,,,
"16,86","65,31","4,2","2,6",,,,
"16,88","65,38","4,7","2,7",,,,
"16,9","65,45","4,9","2,7",,,,
"16,92","65,52","4,8","2,7",,,,
"16,94","65,59","4,4","2,6",,,,
"16,96","65,66","3,8","2,6",,,,
"16,98","65,73",3,"2,5",,,,
17,"65,8","2,2","2,3",,,,
"17,02","65,87","1,6","2,2",,,,
"17,04","65,93","1,1",2,,,,
"17,06","65,99","0,8","1,9",,,,
"17,08","66,06","0,8","1,9",,,,
"17,1","66,12",1,2,,,,
"17,12","66,18","1,4","2,1",,,,
"17,14","66,25",2,"2,3",,,,
"17,16","66,31","2,6","2,4",,,,
"17,18","66,38","3,1","2,5",,,,
"17,2","66,44","3,6","2,6",,,,
"17,22","66,5",4,"2,6",,,,
"17,24","66,57","4,2","2,6",,,,
"17,26","66,64","4,1","2,6",,,,
"17,28","66,71","3,8","2,6",,,,
"17,3","66,79","3,3","2,5",,,,
"17,32","66,88","2,5","2,4",,,,
"17,34","66,98","1,7","2,2",,,,
"17,36","67,07",1,2,,,,
"17,38","67,16","0,7","1,9",,,,
"17,4","67,25","0,8","1,9",,,,
"17,42","67,35",1,2,,,,
"17,44","67,46","1,4","2,2",,,,
"17,46","67,56","1,9","2,3",,,,
"17,48","67,65","2,2","2,3",,,,
"17,5","67,75","2,2","2,3",,,,
"17,52","67,83","1,9","2,3",,,,
"17,54","67,92","1,7","2,2",,,,
"17,56","68,03","1,4","2,2",,,,
"17,58","68,14",1,2,,,,
"17,6","68,26","0,7","1,9",,,,
"17,62","68,39","0,7","1,9",,,,
"17,64","68,52","0,9","1,9",,,,
"17,66","68,64",1,2,,,,
"17,68","68,75","0,9",2,,,,
"17,7","68,83","0,9","1,9",,,,
"17,72","68,89","0,9","1,9",,,,
"17,74","68,94","0,9",2,,,,
"17,76",69,"0,9",2,,,,
"17,78","69,08",1,2,,,,
"17,8","69,15",1,2,,,,
"17,82","69,23","1,1","2,1",,,,
"17,84","69,29","1,2","2,1",,,,
"17,86","69,35","1,2","2,1",,,,
"17,88","69,42","1,2","2,1",,,,
"17,9","69,48","1,2","2,1",,,,
"17,92","69,54","1,1",2,,,,
"17,94","69,6",1,2,,,,
"17,96","69,67",1,2,,,,
"17,98","69,74",1,2,,,,
18,"69,81","1,2","2,1",,,,
"18,02","69,88","1,6","2,2",,,,
"18,04","69,95","2,3","2,4",,,,
"18,06","70,03","3,2","2,5",,,,
"18,08","70,1","4,2","2,6",,,,
"18,1","70,15","5,1","2,7",,,,
"18,12","70,2","5,6","2,7",,,,
"18,14","70,25","5,9","2,8",,,,
"18,16","70,32","6,2","2,8",,,,
"18,18","70,38","6,1","2,8",,,,
"18,2","70,44","5,6","2,8",,,,
"18,22","70,51","4,8","2,7",,,,
"18,24","70,58","3,5","2,5",,,,
"18,26","70,65","2,2","2,3",,,,
"18,28","70,72","1,3","2,1",,,,
"18,3","70,8","1,2","2,1",,,,
"18,32","70,87","1,9","2,3",,,,
"18,34","70,95","3,8","2,6",,,,
"18,36","71,01","6,6","2,8",,,,
"18,38","71,08","9,7",3,,,,
"18,4","71,14","13,1","3,1",,,,
"18,42","71,21","16,3","3,2",,,,
"18,44","71,26","18,8","3,3",,,,
"18,46","71,32","20,4","3,3",,,,
"18,48","71,38",21,"3,3",,,,
"18,5","71,45","20,6","3,3",,,,
"18,52","71,51","18,9","3,3",,,,
"18,54","71,57","15,8","3,2",,,,
"18,56","71,63","12,4","3,1",,,,
"18,58","71,7","9,1",3,,,,
"18,6","71,76","5,9","2,8",,,,
"18,62","71,82","3,1","2,5",,,,
"18,64","71,88","1,5","2,2",,,,
"18,66","71,95","1,7","2,2",,,,
"18,68","72,01",4,"2,6",,,,
"18,7","72,08","8,4","2,9",,,,
"18,72","72,14","14,5","3,2",,,,
"18,74","72,2","21,6","3,3",,,,
"18,76","72,26","28,6","3,5",,,,
"18,78","72,32","34,6","3,5",,,,
"18,8","72,37","39,9","3,6",,,,
"18,82","72,43","43,9","3,6",,,,
"18,84","72,48","45,3","3,7",,,,
"18,86","72,53","44,8","3,7",,,,
"18,88","72,59","42,8","3,6",,,,
"18,9","72,64","38,5","3,6",,,,
"18,92","72,69","32,5","3,5",,,,
"18,94","72,74","26,1","3,4",,,,
"18,96","72,79","19,6","3,3",,,,
"18,98","72,85","12,8","3,1",,,,
19,"72,91","6,8","2,8",,,,
"19,02","72,98","2,4","2,4",,,,
"19,04","73,05","1,2","2,1",,,,
"19,06","73,14","5,1","2,7",,,,
"19,08","73,22","15,6","3,2",,,,
"19,1","73,31","31,6","3,5",,,,
"19,12","73,41","48,9","3,7",,,,
"19,14","73,5","64,1","3,8",,,,
"19,16","73,58","73,5","3,9",,,,
"19,18","73,66",74,"3,9",,,,
"19,2","73,73","66,9","3,8",,,,
"19,22","73,8","56,1","3,7",,,,
"19,24","73,89","42,5","3,6",,,,
"19,26",74,"23,6","3,4",,,,
"19,28","74,13","1,7","2,2",,,,
"19,3","74,27","0,1","0,7",,,,
"19,32","74,39","16,2","3,2",,,,
"19,34","74,49",54,"3,7",,,,
"19,36","74,57","81,7","3,9",,,,
"19,38","74,64","88,1","3,9",,,,
"19,4","74,71","87,6","3,9",,,,
"19,42","74,76","90,7",4,,,,
"19,44","74,82","90,8",4,,,,
"19,46","74,89",82,"3,9",,,,
"19,48","74,96","65,7","3,8",,,,
"19,5","75,03","45,7","3,7",,,,
"19,52","75,11","26,7","3,4",,,,
"19,54","75,17","12,5","3,1",,,,
"19,56","75,22","6,3","2,8",,,,
"19,58","75,28","3,8","2,6",,,,
"19,6","75,35","2,2","2,3",,,,
"19,62","75,43","7,4","2,9",,,,
"19,64","75,51","24,2","3,4",,,,
"19,66","75,58","45,8","3,7",,,,
"19,68","75,65","64,2","3,8",,,,
"19,7","75,71","77,1","3,9",,,,
"19,72","75,77","87,5","3,9",,,,
"19,74","75,84","95,5",4,,,,
"19,76","75,91","97,5",4,,,,
"19,78","75,98",94,4,,,,
"19,8","76,05","82,7","3,9",,,,
"19,82","76,12","65,1","3,8",,,,
"19,84","76,2","44,6","3,6",,,,
"19,86","76,27","26,1","3,4",,,,
"19,88","76,34","13,3","3,1",,,,
"19,9","76,4","4,9","2,7",,,,
"19,92","76,47","0,8","1,9",,,,
"19,94","76,54","3,2","2,5",,,,
"19,96","76,61","11,8","3,1",,,,
"19,98","76,68","26,3","3,4",,,,
20,"76,76","44,9","3,7",,,,
"20,02","76,84","63,5","3,8",,,,
"20,04","76,92","78,5","3,9",,,,
"20,06","76,99","87,2","3,9",,,,
"20,08","77,08","88,7","3,9",,,,
"20,1","77,18",82,"3,9",,,,
"20,12","77,29","63,9","3,8",,,,
"20,14","77,42","33,9","3,5",,,,
"20,16","77,56","3,2","2,5",,,,
"20,18","77,72",0,"0,5",,,,
"20,2","77,87","6,8","2,8",,,,
"20,22","78,01","40,5","3,6",,,,
"20,24","78,15",73,"3,9",,,,
"20,26","78,27",76,"3,9",,,,
"20,28","78,38","56,8","3,8",,,,
"20,3","78,47","39,4","3,6",,,,
"20,32","78,56",30,"3,5",,,,
"20,34","78,64","19,9","3,3",,,,
"20,36","78,71",8,"2,9",,,,
"20,38","78,79","0,6","1,8",,,,
"20,4","78,87","0,5","1,7",,,,
"20,42","78,97","4,5","2,7",,,,
"20,44","79,09","13,6","3,1",,,,
"20,46","79,2","27,7","3,4",,,,
"20,48","79,29","39,2","3,6",,,,
"20,5","79,38","42,4","3,6",,,,
"20,52","79,45","40,1","3,6",,,,
"20,54","79,53",37,"3,6",,,,
"20,56","79,62","31,9","3,5",,,,
"20,58","79,7","22,9","3,4",,,,
"20,6","79,78",13,"3,1",,,,
"20,62","79,87","6,2","2,8",,,,
"20,64","79,95","2,3","2,4",,,,
"20,66","80,04","0,5","1,7",,,,
"20,68","80,12","1,4","2,2",,,,
"20,7","80,2","4,6","2,7",,,,
"20,72","80,27","8,6","2,9",,,,
"20,74","80,33","12,6","3,1",,,,
"20,76","80,4","15,7","3,2",,,,
"20,78","80,47","17,8","3,2",,,,
"20,8","80,54","18,9","3,3",,,,
"20,82","80,61","19,1","3,3",,,,
"20,84","80,68","17,7","3,2",,,,
"20,86","80,75","15,2","3,2",,,,
"20,88","80,82","12,1","3,1",,,,
"20,9","80,89","8,8","2,9",,,,
"20,92","80,96","5,7","2,8",,,,
"20,94","81,03","3,2","2,5",,,,
"20,96","81,11","1,4","2,2",,,,
"20,98","81,19","0,7","1,8",,,,
21,"81,26",1,2,,,,
"21,02","81,34",2,"2,3",,,,
"21,04","81,41","3,2","2,5",,,,
"21,06","81,49","4,3","2,6",,,,
"21,08","81,56","5,3","2,7",,,,
"21,1","81,64","5,7","2,8",,,,
"21,12","81,72","5,7","2,8",,,,
"21,14","81,81","5,2","2,7",,,,
"21,16","81,9","4,2","2,6",,,,
"21,18","81,99","2,9","2,5",,,,
"21,2","82,09","1,7","2,2",,,,
"21,22","82,19",1,2,,,,
"21,24","82,3","0,7","1,9",,,,
"21,26","82,39","0,8","1,9",,,,
"21,28","82,48",1,2,,,,
"21,3","82,56",1,2,,,,
"21,32","82,63",1,2,,,,
"21,34","82,69",1,2,,,,
"21,36","82,74","0,9",2,,,,
"21,38","82,79","0,9",2,,,,
"21,4","82,82","0,9","1,9",,,,
"21,42","82,85","0,8","1,9",,,,
"21,44","82,89","0,8","1,9",,,,
"21,46","82,92","0,8","1,9",,,,
"21,48","82,96","0,7","1,9",,,,
"21,5",83,"0,7","1,9",,,,
"21,52","83,04","0,7","1,9",,,,
"21,54","83,09","0,7","1,9",,,,
"21,56","83,16","0,7","1,9",,,,
"21,58","83,24","0,8","1,9",,,,
"21,6","83,33","0,8","1,9",,,,
"21,62","83,44","0,8","1,9",,,,
"21,64","83,56","0,8","1,9",,,,
"21,66","83,69","0,8","1,9",,,,
"21,68","83,82","1,1",2,,,,
"21,7","83,95","1,6","2,2",,,,
"21,72","84,04",2,"2,3",,,,
"21,74","84,11",2,"2,3",,,,
"21,76","84,16","1,9","2,3",,,,
"21,78","84,22","1,8","2,3",,,,
"21,8","84,29","1,7","2,2",,,,
"21,82","84,36","1,5","2,2",,,,
"21,84","84,43","1,1","2,1",,,,
"21,86","84,5","0,9","1,9",,,,
"21,88","84,57","0,8","1,9",,,,
"21,9","84,64","0,8","1,9",,,,
"21,92","84,71",1,2,,,,
"21,94","84,77","1,4","2,1",,,,
"21,96","84,82","1,8","2,3",,,,
"21,98","84,87","2,2","2,3",,,,
22,"84,93","2,6","2,4",,,,
"22,02","84,99","3,1","2,5",,,,
"22,04","85,06","3,6","2,6",,,,
"22,06","85,13","4,2","2,6",,,,
"22,08","85,2","4,2","2,6",,,,
"22,1","85,26","3,9","2,6",,,,
"22,12","85,33","3,6","2,6",,,,
"22,14","85,4","3,1","2,5",,,,
"22,16","85,48","2,3","2,4",,,,
"22,18","85,56","1,5","2,2",,,,
"22,2","85,64","0,9","1,9",,,,
"22,22","85,72","0,7","1,8",,,,
"22,24","85,8","0,8","1,9",,,,
"22,26","85,88","1,3","2,1",,,,
"22,28","85,97","2,2","2,3",,,,
"22,3","86,06","3,3","2,5",,,,
"22,32","86,14","4,2","2,6",,,,
"22,34","86,23","4,8","2,7",,,,
"22,36","86,32","4,9","2,7",,,,
"22,38","86,4","4,6","2,7",,,,
"22,4","86,49","3,9","2,6",,,,
"22,42","86,58",3,"2,5",,,,
"22,44","86,66",2,"2,3",,,,
"22,46","86,74","1,2","2,1",,,,
"22,48","86,83","0,7","1,9",,,,
"22,5","86,92","0,6","1,8",,,,
"22,52",87,"0,9",2,,,,
"22,54","87,08","1,5","2,2",,,,
"22,56","87,15","2,2","2,3",,,,
"22,58","87,21","2,7","2,4",,,,
"22,6","87,27","3,1","2,5",,,,
"22,62","87,33","3,4","2,5",,,,
"22,64","87,4","3,6","2,6",,,,
"22,66","87,47","3,7","2,6",,,,
"22,68","87,54","3,6","2,6",,,,
"22,7","87,6","3,3","2,5",,,,
"22,72","87,67","2,8","2,4",,,,
"22,74","87,74","2,3","2,4",,,,
"22,76","87,82","1,7","2,2",,,,
"22,78","87,91","1,2","2,1",,,,
"22,8","88,01","0,7","1,9",,,,
"22,82","88,12","0,6","1,8",,,,
"22,84","88,23","0,9","1,9",,,,
"22,86","88,34","1,4","2,1",,,,
"22,88","88,44","1,8","2,3",,,,
"22,9","88,54",2,"2,3",,,,
"22,92","88,62",2,"2,3",,,,
"22,94","88,7","1,8","2,3",,,,
"22,96","88,77","1,7","2,2",,,,
"22,98","88,85","1,5","2,2",,,,
23,"88,93","1,2","2,1",,,,
"23,02","89,02","0,9",2,,,,
"23,04","89,1","0,8","1,9",,,,
"23,06","89,19","0,7","1,9",,,,
"23,08","89,27","0,7","1,8",,,,
"23,1","89,36","0,7","1,9",,,,
"23,12","89,44","0,8","1,9",,,,
"23,14","89,51","0,9","1,9",,,,
"23,16","89,58","0,9","1,9",,,,
"23,18","89,65","0,9","1,9",,,,
"23,2","89,73","0,9","1,9",,,,
"23,22","89,8","0,8","1,9",,,,
"23,24","89,88","0,8","1,9",,,,
"23,26","89,95","0,8","1,9",,,,
"23,28","90,02","0,7","1,9",,,,
"23,3","90,1","0,7","1,8",,,,
"23,32","90,17","0,7","1,8",,,,
"23,34","90,26","0,7","1,8",,,,
"23,36","90,36","0,7","1,8",,,,
"23,38","90,46","0,7","1,8",,,,
"23,4","90,56","0,7","1,8",,,,
"23,42","90,67","0,7","1,8",,,,
"23,44","90,77","0,7","1,8",,,,
"23,46","90,87","0,7","1,9",,,,
"23,48","90,97","0,8","1,9",,,,
"23,5","91,07","0,9","1,9",,,,
"23,52","91,16","0,9",2,,,,
"23,54","91,25","0,9",2,,,,
"23,56","91,34","0,9","1,9",,,,
"23,58","91,43","0,8","1,9",,,,
"23,6","91,52","0,7","1,9",,,,
"23,62","91,61","0,7","1,8",,,,
"23,64","91,7","0,7","1,8",,,,
"23,66","91,79","0,8","1,9",,,,
"23,68","91,89",1,2,,,,
"23,7","91,98","1,2","2,1",,,,
"23,72","92,08","1,5","2,2",,,,
"23,74","92,19","1,7","2,2",,,,
"23,76","92,29","1,7","2,2",,,,
"23,78","92,39","1,5","2,2",,,,
"23,8","92,47","1,2","2,1",,,,
"23,82","92,56",1,2,,,,
"23,84","92,65","0,8","1,9",,,,
"23,86","92,74","0,6","1,8",,,,
"23,88","92,82","0,7","1,9",,,,
"23,9","92,89","0,9",2,,,,
"23,92","92,96","1,2","2,1",,,,
"23,94","93,02","1,4","2,2",,,,
"23,96","93,08","1,7","2,2",,,,
"23,98","93,15",2,"2,3",,,,
24,"93,21","2,1","2,3",,,,
"24,02","93,27","2,2","2,3",,,,
"24,04","93,34","2,3","2,4",,,,
"24,06","93,42","2,1","2,3",,,,
"24,08","93,5","1,9","2,3",,,,
"24,1","93,57","1,5","2,2",,,,
"24,12","93,64","1,2","2,1",,,,
"24,14","93,69",1,2,,,,
"24,16","93,73","0,9","1,9",,,,
"24,18","93,77","0,8","1,9",,,,
"24,2","93,81","0,7","1,9",,,,
"24,22","93,85","0,7","1,8",,,,
"24,24","93,9","0,7","1,9",,,,
"24,26","93,96","0,8","1,9",,,,
"24,28","94,02",1,2,,,,
"24,3","94,08","1,2","2,1",,,,
"24,32","94,14","1,5","2,2",,,,
"24,34","94,21","1,8","2,2",,,,
"24,36","94,28",2,"2,3",,,,
"24,38","94,35","2,2","2,3",,,,
"24,4","94,43","2,2","2,4",,,,
"24,42","94,5","2,1","2,3",,,,
"24,44","94,57","1,8","2,3",,,,
"24,46","94,66","1,5","2,2",,,,
"24,48","94,75","1,2","2,1",,,,
"24,5","94,85","0,8","1,9",,,,
"24,52","94,93","0,6","1,8",,,,
"24,54","95,01","0,7","1,8",,,,
"24,56","95,08","0,8","1,9",,,,
"24,58","95,16","0,9",2,,,,
"24,6","95,23","1,1",2,,,,
"24,62","95,3","1,3","2,1",,,,
"24,64","95,38","1,5","2,2",,,,
"24,66","95,45","1,5","2,2",,,,
"24,68","95,53","1,5","2,2",,,,
"24,7","95,61","1,4","2,2",,,,
"24,72","95,68","1,3","2,1",,,,
"24,74","95,76","1,1",2,,,,
"24,76","95,84","0,9",2,,,,
"24,78","95,92","0,8","1,9",,,,
"24,8",96,"0,7","1,8",,,,
"24,82","96,08","0,7","1,8",,,,
"24,84","96,17","0,7","1,8",,,,
"24,86","96,26","0,7","1,9",,,,
"24,88","96,36","0,8","1,9",,,,
"24,9","96,47","0,9","1,9",,,,
"24,92","96,58","0,9","1,9",,,,
"24,94","96,69","0,8","1,9",,,,
"24,96","96,83","0,8","1,9",,,,
"24,98","96,96","0,7","1,8",,,,
25,"97,09","0,7","1,8",,,,
"25,02","97,22","0,7","1,8",,,,
"25,04","97,36","0,7","1,8",,,,
"25,06","97,5","0,7","1,8",,,,
"25,08","97,65","0,7","1,8",,,,
"25,1","97,79","0,7","1,8",,,,
"25,12","97,92","0,7","1,9",,,,
"25,14","98,04","0,7","1,9",,,,
"25,16","98,15","0,8","1,9",,,,
"25,18","98,24","0,7","1,9",,,,
"25,2","98,34","0,7","1,8",,,,
"25,22","98,43","0,7","1,8",,,,
"25,24","98,51","0,7","1,8",,,,
"25,26","98,58","0,7","1,8",,,,
"25,28","98,65","0,7","1,8",,,,
"25,3","98,71","0,7","1,9",,,,
"25,32","98,78","0,8","1,9",,,,
"25,34","98,87","0,8","1,9",,,,
"25,36","98,98",1,2,,,,
"25,38","99,1","1,1",2,,,,
"25,4","99,22","1,2","2,1",,,,
"25,42","99,32","1,1",2,,,,
"25,44","99,4",1,2,,,,
"25,46","99,49","0,9","1,9",,,,
"25,48","99,57","0,8","1,9",,,,
"25,5","99,66","0,7","1,8",,,,
"25,52","99,73","0,6","1,8",,,,
"25,54","99,8","0,7","1,8",,,,
"25,56","99,87","0,8","1,9",,,,
"25,58","99,96","0,9","1,9",,,,
"25,6","100,04",1,2,,,,
"25,62","100,12","1,2","2,1",,,,
"25,64","100,19","1,3","2,1",,,,
"25,66","100,27","1,4","2,1",,,,
"25,68","100,34","1,4","2,2",,,,
"25,7","100,43","1,4","2,1",,,,
"25,72","100,53","1,2","2,1",,,,
"25,74","100,64",1,2,,,,
"25,76","100,74","0,8","1,9",,,,
"25,78","100,85","0,6","1,8",,,,
"25,8","100,97","0,7","1,8",,,,
"25,82","101,08","0,8","1,9",,,,
"25,84","101,18",1,2,,,,
"25,86","101,29","1,3","2,1",,,,
"25,88","101,39","1,4","2,1",,,,
"25,9","101,49","1,4","2,1",,,,
"25,92","101,59","1,3","2,1",,,,
"25,94","101,69","1,1",2,,,,
"25,96","101,8","0,9","1,9",,,,
"25,98","101,91","0,7","1,8",,,,
26,"102,02","0,6","1,8",,,,
"26,02","102,12","0,7","1,8",,,,
"26,04","102,22","0,8","1,9",,,,
"26,06","102,3","0,9","1,9",,,,
"26,08","102,36",1,2,,,,
"26,1","102,4",1,2,,,,
"26,12","102,44",1,2,,,,
"26,14","102,46","1,1",2,,,,
"26,16","102,49",1,2,,,,
"26,18","102,51",1,2,,,,
"26,2","102,54",1,2,,,,
"26,22","102,57",1,2,,,,
"26,24","102,62",1,2,,,,
"26,26","102,67",1,2,,,,
"26,28","102,73","0,9",2,,,,
"26,3","102,8","0,9","1,9",,,,
"26,32","102,87","0,8","1,9",,,,
"26,34","102,94","0,7","1,9",,,,
"26,36","103,01","0,7","1,8",,,,
"26,38","103,08","0,7","1,8",,,,
"26,4","103,15","0,7","1,8",,,,
"26,42","103,21","0,7","1,8",,,,
"26,44","103,28","0,7","1,8",,,,
"26,46","103,35","0,7","1,8",,,,
"26,48","103,43","0,7","1,9",,,,
"26,5","103,51","0,7","1,9",,,,
"26,52","103,6","0,7","1,9",,,,
"26,54","103,7","0,7","1,9",,,,
"26,56","103,8","0,7","1,9",,,,
"26,58","103,91","0,7","1,8",,,,
"26,6",104,"0,7","1,8",,,,
"26,62","104,09","0,6","1,8",,,,
"26,64","104,16","0,6","1,8",,,,
"26,66","104,23","0,7","1,8",,,,
"26,68","104,3","0,6","1,8",,,,
"26,7","104,36","0,6","1,8",,,,
"26,72","104,43","0,7","1,8",,,,
"26,74","104,5","0,7","1,8",,,,
"26,76","104,56","0,7","1,8",,,,
"26,78","104,63","0,7","1,8",,,,
"26,8","104,7","0,7","1,8",,,,
"26,82","104,76","0,7","1,8",,,,
"26,84","104,82","0,6","1,8",,,,
"26,86","104,88","0,7","1,8",,,,
"26,88","104,95","0,7","1,8",,,,
"26,9","105,01","0,7","1,8",,,,
"26,92","105,08","0,7","1,8",,,,
"26,94","105,15","0,7","1,8",,,,
"26,96","105,22","0,7","1,8",,,,
"26,98","105,29","0,6","1,8",,,,
27,"105,37","0,6","1,8",,,,
"27,02","105,44","0,6","1,8",,,,
"27,04","105,51","0,7","1,8",,,,
"27,06","105,59","0,7","1,8",,,,
"27,08","105,66","0,7","1,8",,,,
"27,1","105,74","0,7","1,9",,,,
"27,12","105,83","0,8","1,9",,,,
"27,14","105,91","0,8","1,9",,,,
"27,16","105,99","0,8","1,9",,,,
"27,18","106,07","0,8","1,9",,,,
"27,2","106,15","0,8","1,9",,,,
"27,22","106,23","0,8","1,9",,,,
"27,24","106,31","0,8","1,9",,,,
"27,26","106,39","0,7","1,9",,,,
"27,28","106,47","0,7","1,8",,,,
"27,3","106,55","0,6","1,8",,,,
"27,32","106,64","0,6","1,8",,,,
"27,34","106,72","0,7","1,8",,,,
"27,36","106,81","0,7","1,9",,,,
"27,38","106,9","0,8","1,9",,,,
"27,4","106,99","0,9",2,,,,
"27,42","107,08",1,2,,,,
"27,44","107,18","1,1",2,,,,
"27,46","107,28","1,1",2,,,,
"27,48","107,38",1,2,,,,
"27,5","107,49","0,9","1,9",,,,
"27,52","107,6","0,7","1,9",,,,
"27,54","107,71","0,6","1,8",,,,
"27,56","107,82","0,6","1,8",,,,
"27,58","107,92","0,7","1,8",,,,
"27,6","108,02","0,8","1,9",,,,
"27,62","108,12",1,2,,,,
"27,64","108,21","1,1",2,,,,
"27,66","108,29","1,1",2,,,,
"27,68","108,38","1,1","2,1",,,,
"27,7","108,48","1,1",2,,,,
"27,72","108,58",1,2,,,,
"27,74","108,67","0,9","1,9",,,,
"27,76","108,77","0,7","1,9",,,,
"27,78","108,85","0,7","1,8",,,,
"27,8","108,92","0,6","1,8",,,,
"27,82","108,99","0,6","1,8",,,,
"27,84","109,05","0,7","1,8",,,,
"27,86","109,11","0,7","1,8",,,,
"27,88","109,16","0,7","1,9",,,,
"27,9","109,22","0,8","1,9",,,,
"27,92","109,28","0,8","1,9",,,,
"27,94","109,35","0,9","1,9",,,,
"27,96","109,43","0,9",2,,,,
"27,98","109,51","0,9",2,,,,
28,"109,59","0,9",2,,,,
"28,02","109,67","0,9",2,,,,
"28,04","109,75","0,8","1,9",,,,
"28,06","109,83","0,8","1,9",,,,
"28,08","109,92","0,7","1,9",,,,
"28,1","110,01","0,7","1,8",,,,
"28,12","110,11","0,6","1,8",,,,
"28,14","110,2","0,6","1,8",,,,
"28,16","110,28","0,6","1,8",,,,
"28,18","110,36","0,7","1,8",,,,
"28,2","110,44","0,7","1,8",,,,
"28,22","110,53","0,7","1,8",,,,
"28,24","110,61","0,7","1,9",,,,
"28,26","110,7","0,7","1,9",,,,
"28,28","110,78","0,7","1,8",,,,
"28,3","110,86","0,7","1,8",,,,
"28,32","110,94","0,7","1,8",,,,
"28,34","111,03","0,7","1,8",,,,
"28,36","111,11","0,6","1,8",,,,
"28,38","111,2","0,6","1,8",,,,
"28,4","111,29","0,6","1,8",,,,
"28,42","111,37","0,6","1,8",,,,
"28,44","111,46","0,6","1,8",,,,
"28,46","111,54","0,6","1,8",,,,
"28,48","111,62","0,6","1,8",,,,
"28,5","111,7","0,6","1,8",,,,
"28,52","111,76","0,6","1,8",,,,
"28,54","111,83","0,6","1,8",,,,
"28,56","111,89","0,6","1,8",,,,
"28,58","111,96","0,6","1,8",,,,
"28,6","112,03","0,6","1,8",,,,
"28,62","112,1","0,6","1,8",,,,
"28,64","112,17","0,6","1,8",,,,
"28,66","112,25","0,6","1,8",,,,
"28,68","112,33","0,6","1,8",,,,
"28,7","112,39","0,6","1,8",,,,
"28,72","112,44","0,6","1,8",,,,
"28,74","112,48","0,6","1,8",,,,
"28,76","112,52","0,6","1,8",,,,
"28,78","112,55","0,6","1,8",,,,
"28,8","112,57","0,6","1,8",,,,
"28,82","112,59","0,6","1,8",,,,
"28,84","112,62","0,6","1,8",,,,
"28,86","112,66","0,6","1,8",,,,
"28,88","112,71","0,7","1,8",,,,
"28,9","112,76","0,7","1,8",,,,
"28,92","112,82","0,7","1,8",,,,
"28,94","112,89","0,7","1,8",,,,
"28,96","112,96","0,7","1,8",,,,
"28,98","113,04","0,7","1,9",,,,
29,"113,12","0,7","1,9",,,,
"29,02","113,2","0,7","1,9",,,,
"29,04","113,27","0,7","1,9",,,,
"29,06","113,33","0,7","1,8",,,,
"29,08","113,39","0,7","1,8",,,,
"29,1","113,45","0,7","1,8",,,,
"29,12","113,51","0,6","1,8",,,,
"29,14","113,58","0,6","1,8",,,,
"29,16","113,64","0,6","1,8",,,,
"29,18","113,7","0,7","1,8",,,,
"29,2","113,76","0,7","1,8",,,,
"29,22","113,84","0,7","1,9",,,,
"29,24","113,92","0,8","1,9",,,,
"29,26","114,01","0,8","1,9",,,,
"29,28","114,09","0,9","1,9",,,,
"29,3","114,18","0,9",2,,,,
"29,32","114,25","0,9","1,9",,,,
"29,34","114,29","0,9","1,9",,,,
"29,36","114,34","0,8","1,9",,,,
"29,38","114,39","0,8","1,9",,,,
"29,4","114,44","0,8","1,9",,,,
"29,42","114,51","0,7","1,9",,,,
"29,44","114,57","0,7","1,8",,,,
"29,46","114,64","0,6","1,8",,,,
"29,48","114,7","0,6","1,8",,,,
"29,5","114,76","0,6","1,8",,,,
"29,52","114,83","0,7","1,8",,,,
"29,54","114,89","0,7","1,9",,,,
"29,56","114,97","0,8","1,9",,,,
"29,58","115,04","0,8","1,9",,,,
"29,6","115,12","0,9","1,9",,,,
"29,62","115,21","0,9",2,,,,
"29,64","115,3",1,2,,,,
"29,66","115,38","0,9",2,,,,
"29,68","115,46","0,9","1,9",,,,
"29,7","115,54","0,8","1,9",,,,
"29,72","115,62","0,7","1,9",,,,
"29,74","115,72","0,7","1,8",,,,
"29,76","115,81","0,6","1,8",,,,
"29,78","115,91","0,6","1,8",,,,
"29,8","116,01","0,7","1,8",,,,
"29,82","116,11","0,7","1,9",,,,
"29,84","116,21","0,8","1,9",,,,
"29,86","116,31","0,8","1,9",,,,
"29,88","116,41","0,8","1,9",,,,
"29,9","116,51","0,8","1,9",,,,
"29,92","116,61","0,8","1,9",,,,
"29,94","116,7","0,7","1,9",,,,
"29,96","116,8","0,7","1,8",,,,
"29,98","116,91","0,6","1,8",,,,
30,"117,02","0,6","1,8",,,,
"30,02","117,12","0,6","1,8",,,,
"30,04","117,23","0,6","1,8",,,,
"30,06","117,33","0,7","1,8",,,,
"30,08","117,44","0,7","1,8",,,,
"30,1","117,55","0,7","1,8",,,,
"30,12","117,68","0,7","1,8",,,,
"30,14","117,83","0,7","1,8",,,,
"30,16","118,01","0,6","1,8",,,,
"30,18","118,2","0,6","1,8",,,,
"30,2","118,38","0,6","1,8",,,,
"30,22","118,54","0,6","1,8",,,,
"30,24","118,66","0,6","1,8",,,,
"30,26","118,75","0,6","1,8",,,,
"30,28","118,83","0,6","1,8",,,,
"30,3","118,91","0,6","1,8",,,,
"30,32","118,98","0,6","1,8",,,,
"30,34","119,05","0,6","1,8",,,,
"30,36","119,13","0,6","1,8",,,,
"30,38","119,23","0,6","1,8",,,,
"30,4","119,34","0,6","1,8",,,,
"30,42","119,46","0,6","1,8",,,,
"30,44","119,57","0,6","1,8",,,,
"30,46","119,67","0,6","1,8",,,,
"30,48","119,75","0,6","1,8",,,,
"30,5","119,85","0,6","1,8",,,,
"30,52","119,95","0,7","1,8",,,,
"30,54","120,05","0,7","1,8",,,,
"30,56","120,15","0,7","1,8",,,,
"30,58","120,24","0,7","1,8",,,,
"30,6","120,32","0,7","1,8",,,,
"30,62","120,41","0,7","1,8",,,,
"30,64","120,49","0,6","1,8",,,,
"30,66","120,58","0,6","1,8",,,,
"30,68","120,66","0,6","1,8",,,,
"30,7","120,75","0,6","1,8",,,,
"30,72","120,84","0,7","1,8",,,,
"30,74","120,93","0,7","1,8",,,,
"30,76","121,02","0,7","1,9",,,,
"30,78","121,11","0,8","1,9",,,,
"30,8","121,2","0,8","1,9",,,,
"30,82","121,28","0,8","1,9",,,,
"30,84","121,36","0,8","1,9",,,,
"30,86","121,42","0,7","1,9",,,,
"30,88","121,48","0,7","1,9",,,,
"30,9","121,53","0,7","1,8",,,,
"30,92","121,58","0,7","1,8",,,,
"30,94","121,63","0,7","1,8",,,,
"30,96","121,67","0,6","1,8",,,,
"30,98","121,71","0,6","1,8",,,,
31,"121,75","0,6","1,8",,,,
"31,02","121,79","0,6","1,8",,,,
"31,04","121,84","0,6","1,8",,,,
"31,06","121,89","0,6","1,8",,,,
"31,08","121,94","0,7","1,8",,,,
"31,1",122,"0,7","1,8",,,,
"31,12","122,06","0,7","1,9",,,,
"31,14","122,12","0,8","1,9",,,,
"31,16","122,18","0,8","1,9",,,,
"31,18","122,24","0,8","1,9",,,,
"31,2","122,31","0,8","1,9",,,,
"31,22","122,38","0,8","1,9",,,,
"31,24","122,46","0,8","1,9",,,,
"31,26","122,54","0,8","1,9",,,,
"31,28","122,62","0,7","1,9",,,,
"31,3","122,7","0,7","1,8",,,,
"31,32","122,78","0,6","1,8",,,,
"31,34","122,86","0,6","1,8",,,,
"31,36","122,95","0,6","1,8",,,,
"31,38","123,03","0,6","1,8",,,,
"31,4","123,1","0,7","1,8",,,,
"31,42","123,17","0,7","1,8",,,,
"31,44","123,23","0,7","1,9",,,,
"31,46","123,3","0,8","1,9",,,,
"31,48","123,37","0,8","1,9",,,,
"31,5","123,44","0,8","1,9",,,,
"31,52","123,52","0,8","1,9",,,,
"31,54","123,62","0,7","1,9",,,,
"31,56","123,73","0,7","1,8",,,,
"31,58","123,87","0,7","1,8",,,,
"31,6","124,02","0,6","1,8",,,,
"31,62","124,17","0,6","1,8",,,,
"31,64","124,33","0,6","1,8",,,,
"31,66","124,47","0,7","1,8",,,,
"31,68","124,6","0,7","1,8",,,,
"31,7","124,73","0,7","1,8",,,,
"31,72","124,87","0,6","1,8",,,,
"31,74",125,"0,6","1,8",,,,
"31,76","125,13","0,6","1,8",,,,
"31,78","125,24","0,6","1,8",,,,
"31,8","125,34","0,6","1,8",,,,
"31,82","125,44","0,6","1,8",,,,
"31,84","125,54","0,6","1,8",,,,
"31,86","125,64","0,6","1,8",,,,
"31,88","125,74","0,6","1,8",,,,
"31,9","125,84","0,6","1,8",,,,
"31,92","125,95","0,6","1,8",,,,
"31,94","126,05","0,6","1,8",,,,
"31,96","126,15","0,6","1,8",,,,
"31,98","126,25","0,7","1,8",,,,
32,"126,36","0,6","1,8",,,,
"32,02","126,47","0,6","1,8",,,,
"32,04","126,58","0,6","1,8",,,,
"32,06","126,69","0,6","1,8",,,,
"32,08","126,8","0,6","1,8",,,,
"32,1","126,91","0,6","1,8",,,,
"32,12","127,02","0,6","1,8",,,,
"32,14","127,13","0,7","1,8",,,,
"32,16","127,23","0,6","1,8",,,,
"32,18","127,33","0,6","1,8",,,,
"32,2","127,44","0,6","1,8",,,,
"32,22","127,54","0,6","1,8",,,,
"32,24","127,65","0,6","1,8",,,,
"32,26","127,76","0,6","1,8",,,,
"32,28","127,88","0,7","1,8",,,,
"32,3","127,99","0,7","1,9",,,,
"32,32","128,11","0,7","1,9",,,,
"32,34","128,22","0,7","1,9",,,,
"32,36","128,33","0,7","1,8",,,,
"32,38","128,44","0,7","1,8",,,,
"32,4","128,54","0,6","1,8",,,,
"32,42","128,63","0,6","1,8",,,,
"32,44","128,7","0,6","1,8",,,,
"32,46","128,77","0,6","1,8",,,,
"32,48","128,82","0,6","1,8",,,,
"32,5","128,87","0,6","1,8",,,,
"32,52","128,93","0,7","1,8",,,,
"32,54","129,01","0,7","1,8",,,,
"32,56","129,09","0,7","1,9",,,,
"32,58","129,18","0,8","1,9",,,,
"32,6","129,26","0,8","1,9",,,,
"32,62","129,34","0,8","1,9",,,,
"32,64","129,41","0,8","1,9",,,,
"32,66","129,48","0,8","1,9",,,,
"32,68","129,53","0,7","1,9",,,,
"32,7","129,59","0,7","1,9",,,,
"32,72","129,64","0,7","1,8",,,,
"32,74","129,69","0,7","1,8",,,,
"32,76","129,75","0,7","1,8",,,,
"32,78","129,81","0,6","1,8",,,,
"32,8","129,87","0,6","1,8",,,,
"32,82","129,94","0,6","1,8",,,,
"32,84","130,03","0,6","1,8",,,,
"32,86","130,11","0,7","1,8",,,,
"32,88","130,21","0,7","1,8",,,,
"32,9","130,3","0,7","1,9",,,,
"32,92","130,4","0,8","1,9",,,,
"32,94","130,5","0,8","1,9",,,,
"32,96","130,62","0,8","1,9",,,,
"32,98","130,74","0,7","1,8",,,,
33,"130,86","0,6","1,8",,,,
"33,02","130,98","0,6","1,8",,,,
"33,04","131,11","0,6","1,8",,,,
"33,06","131,23","0,6","1,8",,,,
"33,08","131,35","0,6","1,8",,,,
"33,1","131,47","0,7","1,8",,,,
"33,12","131,59","0,7","1,8",,,,
"33,14","131,71","0,7","1,8",,,,
"33,16","131,83","0,7","1,8",,,,
"33,18","131,95","0,6","1,8",,,,
"33,2","132,07","0,6","1,8",,,,
"33,22","132,19","0,6","1,8",,,,
"33,24","132,3","0,6","1,8",,,,
"33,26","132,4","0,6","1,8",,,,
"33,28","132,49","0,6","1,8",,,,
"33,3","132,56","0,6","1,8",,,,
"33,32","132,64","0,6","1,8",,,,
"33,34","132,72","0,6","1,8",,,,
"33,36","132,8","0,6","1,8",,,,
"33,38","132,88","0,6","1,8",,,,
"33,4","132,95","0,6","1,8",,,,
"33,42","133,03","0,6","1,8",,,,
"33,44","133,1","0,6","1,8",,,,
"33,46","133,17","0,6","1,8",,,,
"33,48","133,25","0,6","1,8",,,,
"33,5","133,33","0,6","1,8",,,,
"33,52","133,4","0,6","1,8",,,,
"33,54","133,46","0,6","1,8",,,,
"33,56","133,52","0,6","1,8",,,,
"33,58","133,59","0,6","1,8",,,,
"33,6","133,66","0,6","1,8",,,,
"33,62","133,73","0,6","1,8",,,,
"33,64","133,79","0,6","1,8",,,,
"33,66","133,84","0,6","1,8",,,,
"33,68","133,89","0,6","1,8",,,,
"33,7","133,95","0,6","1,8",,,,
"33,72","134,02","0,6","1,8",,,,
"33,74","134,09","0,6","1,8",,,,
"33,76","134,17","0,6","1,8",,,,
"33,78","134,23","0,6","1,8",,,,
"33,8","134,29","0,6","1,8",,,,
"33,82","134,36","0,6","1,8",,,,
"33,84","134,44","0,6","1,8",,,,
"33,86","134,52","0,6","1,8",,,,
"33,88","134,59","0,6","1,8",,,,
"33,9","134,65","0,6","1,8",,,,
"33,92","134,7","0,6","1,8",,,,
"33,94","134,75","0,6","1,8",,,,
"33,96","134,79","0,6","1,8",,,,
"33,98","134,84","0,6","1,8",,,,
34,"134,89","0,7","1,8",,,,
"34,02","134,95","0,7","1,8",,,,
"34,04","135,01","0,7","1,8",,,,
"34,06","135,06","0,7","1,8",,,,
"34,08","135,12","0,7","1,8",,,,
"34,1","135,18","0,7","1,8",,,,
"34,12","135,24","0,7","1,8",,,,
"34,14","135,29","0,7","1,8",,,,
"34,16","135,35","0,6","1,8",,,,
"34,18","135,41","0,6","1,8",,,,
"34,2","135,46","0,6","1,8",,,,
"34,22","135,53","0,6","1,8",,,,
"34,24","135,59","0,6","1,8",,,,
"34,26","135,66","0,6","1,8",,,,
"34,28","135,73","0,6","1,8",,,,
"34,3","135,8","0,6","1,8",,,,
"34,32","135,88","0,6","1,8",,,,
"34,34","135,95","0,7","1,8",,,,
"34,36","136,02","0,7","1,8",,,,
"34,38","136,08","0,7","1,8",,,,
"34,4","136,14","0,7","1,9",,,,
"34,42","136,2","0,7","1,9",,,,
"34,44","136,26","0,7","1,9",,,,
"34,46","136,31","0,7","1,9",,,,
"34,48","136,36","0,7","1,9",,,,
"34,5","136,41","0,7","1,8",,,,
"34,52","136,45","0,7","1,8",,,,
"34,54","136,49","0,7","1,8",,,,
"34,56","136,52","0,7","1,8",,,,
"34,58","136,57","0,7","1,8",,,,
"34,6","136,61","0,6","1,8",,,,
"34,62","136,65","0,6","1,8",,,,
"34,64","136,69","0,6","1,8",,,,
"34,66","136,73","0,6","1,8",,,,
"34,68","136,79","0,6","1,8",,,,
"34,7","136,85","0,6","1,8",,,,
"34,72","136,91","0,6","1,8",,,,
"34,74","136,98","0,6","1,8",,,,
"34,76","137,06","0,7","1,8",,,,
"34,78","137,13","0,7","1,8",,,,
"34,8","137,2","0,7","1,8",,,,